35005,1116 HAYES RD,"1116 HAYES RD, ADAMSVILLE, AL 35005"
35005,1117 UNION GROVE ROAD,"1117 UNION GROVE ROAD, ADAMSVILLE, AL 35005"
35005,202 FOREST LANE DR,"202 FOREST LANE DR, ADAMSVILLE, AL 35005"
35005,2527 OAK LEAF LANE,"2527 OAK LEAF LANE, ADAMSVILLE, AL 35005"
35005,2716 MARGARET LN,"2716 MARGARET LN, ADAMSVILLE, AL 35005"
35005,2749 WOODRUFF MILL RD,"2749 WOODRUFF MILL RD, ADAMSVILLE, AL 35005"
35005,2808 CEDAR LANE,"2808 CEDAR LANE, ADAMSVILLE, AL 35005"
35005,2907 CEDAR LANE,"2907 CEDAR LANE, ADAMSVILLE, AL 35005"
35005,2928 FORESTDALE BOULEVARD,"2928 FORESTDALE BOULEVARD, ADAMSVILLE, AL 35005"
35005,3004 FORESTDALE BOULEVARD,"3004 FORESTDALE BOULEVARD, ADAMSVILLE, AL 35005"
35005,3007 TALL TREE LN,"3007 TALL TREE LN, ADAMSVILLE, AL 35005"
35005,4110 ABBEY RD,"4110 ABBEY RD, ADAMSVILLE, AL 35005"
35005,4121 HARRIS AVE,"4121 HARRIS AVE, ADAMSVILLE, AL 35005"
35005,4148 OLD JASPER HIGHWAY,"4148 OLD JASPER HIGHWAY, ADAMSVILLE, AL 35005"
35005,4508 MAPLE CIRCLE,"4508 MAPLE CIRCLE, ADAMSVILLE, AL 35005"
35005,1116 HAYES RD,"1116 HAYES RD, ADAMSVILLE, AL 35005"
35005,1117 UNION GROVE ROAD,"1117 UNION GROVE ROAD, ADAMSVILLE, AL 35005"
35005,202 FOREST LANE DR,"202 FOREST LANE DR, ADAMSVILLE, AL 35005"
35005,2527 OAK LEAF LANE,"2527 OAK LEAF LANE, ADAMSVILLE, AL 35005"
35005,2716 MARGARET LN,"2716 MARGARET LN, ADAMSVILLE, AL 35005"
35005,2749 WOODRUFF MILL RD,"2749 WOODRUFF MILL RD, ADAMSVILLE, AL 35005"
35005,2808 CEDAR LANE,"2808 CEDAR LANE, ADAMSVILLE, AL 35005"
35005,2907 CEDAR LANE,"2907 CEDAR LANE, ADAMSVILLE, AL 35005"
35005,2928 FORESTDALE BOULEVARD,"2928 FORESTDALE BOULEVARD, ADAMSVILLE, AL 35005"
35005,3004 FORESTDALE BOULEVARD,"3004 FORESTDALE BOULEVARD, ADAMSVILLE, AL 35005"
35005,3007 TALL TREE LN,"3007 TALL TREE LN, ADAMSVILLE, AL 35005"
35005,4110 ABBEY RD,"4110 ABBEY RD, ADAMSVILLE, AL 35005"
35005,4121 HARRIS AVE,"4121 HARRIS AVE, ADAMSVILLE, AL 35005"
35005,4148 OLD JASPER HIGHWAY,"4148 OLD JASPER HIGHWAY, ADAMSVILLE, AL 35005"
35005,4508 MAPLE CIRCLE,"4508 MAPLE CIRCLE, ADAMSVILLE, AL 35005"
35007,1018 SW 2ND AVENUE,"1018 SW 2ND AVENUE, ALABASTER AL 35007"
35007,108 BERRYHILL DRIVE,"108 BERRYHILL DRIVE, ALABASTER AL 35007"
35007,109 PARK PLACE CIRCLE,"109 PARK PLACE CIRCLE, ALABASTER AL 35007"
35007,114 CAMBRIDGE POINTE CIRCLE,"114 CAMBRIDGE POINTE CIRCLE, ALABASTER AL 35007"
35007,1144 CARIBBEAN CIRCLE,"1144 CARIBBEAN CIRCLE, ALABASTER AL 35007"
35007,121 DOUGLAS DRIVE,"121 DOUGLAS DRIVE, ALABASTER AL 35007"
35007,1233 WILLOW CREEK PLACE,"1233 WILLOW CREEK PLACE, ALABASTER AL 35007"
35007,125 CAMBRIDGE POINTE CIRCLE,"125 CAMBRIDGE POINTE CIRCLE, ALABASTER AL 35007"
35007,142 GARDENSIDE DRIVE,"142 GARDENSIDE DRIVE, ALABASTER AL 35007"
35007,168 PARK PLACE LANE,"168 PARK PLACE LANE, ALABASTER AL 35007"
35007,1825 MOHAWK DRIVE,"1825 MOHAWK DRIVE, ALABASTER AL 35007"
35007,215 DOLPHIN COURT,"215 DOLPHIN COURT, ALABASTER AL 35007"
35007,Trails at Alabaster,"1740 WOODBROOK TRL, ALABASTER AL 35007"
35007,WELLINGTON MANOR APARTMENTS,"1500 WINDSOR CT, ALABASTER AL 35007"
35114,101 MOUNTAIN PARKWAY,"101 MOUNTAIN PARKWAY, ALABASTER AL 35114"
35114,1102 EAGLE DRIVE,"1102 EAGLE DRIVE, ALABASTER AL 35114"
35114,116 MOUNTAIN PKWY,"116 MOUNTAIN PKWY, ALABASTER AL 35114"
35114,129 HICKORY ST,"129 HICKORY ST, ALABASTER AL 35114"
35950,Pine Ridge Colony,"640 GREENVIEW ST, ALBERTVILLE AL 35950"
35950,PINE RIDGE COLONY APARTMENTS,"640 GREENVIEW ST, ALBERTVILLE AL 35950"
35005,1116 HAYES RD,"1116 HAYES RD, ADAMSVILLE, AL 35005"
35005,1117 UNION GROVE ROAD,"1117 UNION GROVE ROAD, ADAMSVILLE, AL 35005"
35005,202 FOREST LANE DR,"202 FOREST LANE DR, ADAMSVILLE, AL 35005"
35005,2527 OAK LEAF LANE,"2527 OAK LEAF LANE, ADAMSVILLE, AL 35005"
35005,2716 MARGARET LN,"2716 MARGARET LN, ADAMSVILLE, AL 35005"
35005,2749 WOODRUFF MILL RD,"2749 WOODRUFF MILL RD, ADAMSVILLE, AL 35005"
35005,2808 CEDAR LANE,"2808 CEDAR LANE, ADAMSVILLE, AL 35005"
35005,2907 CEDAR LANE,"2907 CEDAR LANE, ADAMSVILLE, AL 35005"
35005,2928 FORESTDALE BOULEVARD,"2928 FORESTDALE BOULEVARD, ADAMSVILLE, AL 35005"
35005,3004 FORESTDALE BOULEVARD,"3004 FORESTDALE BOULEVARD, ADAMSVILLE, AL 35005"
35005,3007 TALL TREE LN,"3007 TALL TREE LN, ADAMSVILLE, AL 35005"
35005,4110 ABBEY RD,"4110 ABBEY RD, ADAMSVILLE, AL 35005"
35005,4121 HARRIS AVE,"4121 HARRIS AVE, ADAMSVILLE, AL 35005"
35005,4148 OLD JASPER HIGHWAY,"4148 OLD JASPER HIGHWAY, ADAMSVILLE, AL 35005"
35005,4508 MAPLE CIRCLE,"4508 MAPLE CIRCLE, ADAMSVILLE, AL 35005"
35007,1018 SW 2ND AVENUE,"1018 SW 2ND AVENUE, ALABASTER AL 35007"
35007,108 BERRYHILL DRIVE,"108 BERRYHILL DRIVE, ALABASTER AL 35007"
35007,109 PARK PLACE CIRCLE,"109 PARK PLACE CIRCLE, ALABASTER AL 35007"
35007,114 CAMBRIDGE POINTE CIRCLE,"114 CAMBRIDGE POINTE CIRCLE, ALABASTER AL 35007"
35007,1144 CARIBBEAN CIRCLE,"1144 CARIBBEAN CIRCLE, ALABASTER AL 35007"
35007,121 DOUGLAS DRIVE,"121 DOUGLAS DRIVE, ALABASTER AL 35007"
35007,1233 WILLOW CREEK PLACE,"1233 WILLOW CREEK PLACE, ALABASTER AL 35007"
35007,125 CAMBRIDGE POINTE CIRCLE,"125 CAMBRIDGE POINTE CIRCLE, ALABASTER AL 35007"
35007,142 GARDENSIDE DRIVE,"142 GARDENSIDE DRIVE, ALABASTER AL 35007"
35007,168 PARK PLACE LANE,"168 PARK PLACE LANE, ALABASTER AL 35007"
35007,1825 MOHAWK DRIVE,"1825 MOHAWK DRIVE, ALABASTER AL 35007"
35007,215 DOLPHIN COURT,"215 DOLPHIN COURT, ALABASTER AL 35007"
35007,Trails at Alabaster,"1740 WOODBROOK TRL, ALABASTER AL 35007"
35007,WELLINGTON MANOR APARTMENTS,"1500 WINDSOR CT, ALABASTER AL 35007"
35114,101 MOUNTAIN PARKWAY,"101 MOUNTAIN PARKWAY, ALABASTER AL 35114"
35114,1102 EAGLE DRIVE,"1102 EAGLE DRIVE, ALABASTER AL 35114"
35114,116 MOUNTAIN PKWY,"116 MOUNTAIN PKWY, ALABASTER AL 35114"
35114,129 HICKORY ST,"129 HICKORY ST, ALABASTER AL 35114"
35950,Pine Ridge Colony,"640 GREENVIEW ST, ALBERTVILLE AL 35950"
35950,PINE RIDGE COLONY APARTMENTS,"640 GREENVIEW ST, ALBERTVILLE AL 35950"
36207,Townhomes at 2001,"2001 COLEMAN RD, ANNISTON AL 36207"
35611,Tanglewood,"800 TANGLEWOOD DR, ATHENS AL 35611"
